id,nom_latin,nom_commun_actuel,wikipedia_trouve,titre_wikipedia,nom_commun_correct
668,Psophia crepitans,Agami trompette,oui,Agami trompette,
501,Spizaetus melanoleucus,Aigle noir et blanc,oui,Aigle noir et blanc,
740,Spizaetus ornatus,Aigle orné,oui,Aigle orné,
496,Spizaetus tyrannus,Aigle tyran,oui,Aigle tyran,
703,Egretta caerulea,Aigrette bleue,oui,Aigrette bleue,
888,Egretta tricolor,Aigrette tricolore,oui,Aigrette tricolore,
615,Myrmoderus ferrugineus,Alapi à cravate noire,oui,Alapi à cravate noire,
508,Hypocnemoides melanopogon,Alapi à menton noir,oui,Alapi à menton noir,
913,Myrmoborus leucophrys,Alapi à sourcils blancs,oui,Alapi à sourcils blancs,
515,Percnostola rufifrons,Alapi à tête noire,oui,Alapi à tête noire,
679,Hypocnemis cantator,Alapi carillonneur,oui,Alapi carillonneur,
523,Myrmophylax atrothorax,Alapi de Buffon,oui,Alapi de Buffon,
836,Sclateria naevia,Alapi paludicole,oui,Alapi paludicole,
861,Myrmelastes leucostigma,Alapi ponctué,oui,Alapi ponctué,
739,Amazona amazonica,Amazone à ailes orange,oui,Amazone aourou,
536,Amazona dufresniana,Amazone à joues bleues,oui,Amazone à joues bleues,
851,Amazona farinosa,Amazone poudrée,oui,Amazone poudrée,
568,Automolus rufipileatus,Anabate à couronne rousse,oui,Anabate à couronne rousse,
809,Philydor erythrocercum,Anabate à croupion roux,oui,Anabate à croupion roux,
553,Automolus ochrolaemus,Anabate à gorge fauve,oui,Anabate à gorge fauve,
580,Philydor pyrrhodes,Anabate flamboyant,oui,Anabate flamboyant,
736,Automolus infuscatus,Anabate olivâtre,oui,Anabate olivâtre,
793,Clibanornis rubiginosus,Anabate rubigineux,oui,Anabate rubigineux,
480,Anhinga anhinga,Anhinga,oui,Anhingidae,
844,Crotophaga ani,Ani à bec lisse,oui,Ani à bec lisse,
643,Crotophaga major,Ani des palétuviers,oui,Ani des palétuviers,
674,Schiffornis olivacea,Antriade olivâtre,oui,Antriade olivâtre,
532,Ara ararauna,Ara bleu et jaune,oui,Ara bleu,
772,Ara chloropterus,Ara chloroptère,oui,Ara chloroptère,
773,Orthopsittaca manilatus,Ara macavouanne,oui,Ara macavouanne,
781,Diopsittaca nobilis,Ara noble,oui,Ara noble,
822,Ara macao,Ara rouge,oui,Ara rouge,
569,Ara severus,Ara vert,oui,Ara vert,
517,Pteroglossus aracari,Araçari grigri,oui,Araçari grigri,
645,Pteroglossus viridis,Araçari vert,oui,Araçari vert,
906,Procnias albus,Araponga blanc,oui,Araponga blanc,
914,Chrysuronia brevirostris,Ariane à poitrine blanche,oui,Ariane à poitrine blanche,
625,Chionomesa fimbriata,Ariane de Linné,oui,Ariane de Linné,
760,Chrysuronia leucogaster,Ariane vert-doré,oui,Ariane vert-doré,
544,Attila spadiceus,Attila à croupion jaune,oui,Attila à croupion jaune,
577,Attila cinnamomeus,Attila cannelle,oui,Attila cannelle,
575,Laniocera hypopyrra,Aulia cendré,oui,Aulia cendré,
669,Rhytipterna simplex,Aulia grisâtre,oui,Aulia grisâtre,
880,Chelidoptera tenebrosa,Barbacou à croupion blanc,oui,Barbacou à croupion blanc,
497,Monasa atra,Barbacou noir,oui,Barbacou noir,
817,Nonnula rubecula,Barbacou rufalbin,oui,Barbacou rufalbin,
524,Frederickena viridis,Batara à gorge noire,oui,Batara à gorge noire,
610,Thamnomanes ardesiacus,Batara ardoisé,oui,Batara ardoisé,
573,Thamnomanes caesius,Batara cendré,oui,Batara cendré,
471,Thamnophilus amazonicus,Batara d'Amazonie,oui,Batara d'Amazonie,
488,Thamnophilus melanothorax,Batara de Cayenne,oui,Batara de Cayenne,
530,Thamnophilus nigrocinereus,Batara demi-deuil,oui,Batara demi-deuil,
614,Cymbilaimus lineatus,Batara fascié,oui,Batara fascié,
510,Sakesphorus canadensis,Batara huppé,oui,Batara huppé,
490,Thamnophilus doliatus,Batara rayé,oui,Batara rayé,
724,Thamnophilus murinus,Batara souris,oui,Batara souris,
729,Thamnophilus punctatus,Batara tacheté,oui,Batara tacheté,
499,Rynchops niger,Bec-en-ciseaux noir,oui,Bec-en-ciseaux noir,
666,Leptodon cayanensis,Bec-en-croc de Cayenne,oui,Bec-en-croc de Cayenne,
686,Chondrohierax uncinatus,Bec-en-croc de Temminck,oui,Bec-en-croc de Temminck,
937,Pachyramphus polychopterus,Bécarde à ailes blanches,oui,Bécarde à ailes blanches,
506,Pachyramphus marginatus,Bécarde à calotte noire,oui,Bécarde à calotte noire,
574,Pachyramphus rufus,Bécarde cendrée,oui,Bécarde cendrée,
757,Pachyramphus minor,Bécarde de Lesson,oui,Bécarde de Lesson,
626,Pachyramphus surinamus,Bécarde du Surinam,oui,Bécarde du Surinam,
650,Pachyramphus viridis,Bécarde verte,oui,Bécarde verte,
941,Gallinago delicata,Bécassine de Wilson,oui,Bécassine de Wilson,
849,Gallinago paraguaiae,Bécassine du Paraguay,oui,Bécassine du Paraguay,
624,Gallinago undulata,Bécassine géante,oui,Bécassine géante,
957,Nyctanassa violacea,Bihoreau gris,oui,Bihoreau gris,
806,Zonotrichia capensis,Bruant chingolo,oui,Bruant chingolo,
635,Ammodramus humeralis,Bruant des savanes,oui,Bruant des savanes,
714,Circus buffoni,Busard de Buffon,oui,Busard de Buffon,
513,Leucopternis melanops,Buse à face noire,oui,Buse à face noire,
789,Rupornis magnirostris,Buse à gros bec,oui,Buse à gros bec,
930,Geranoaetus albicaudatus,Buse à queue blanche,oui,Buse à queue blanche,
509,Busarellus nigricollis,Buse à tête blanche,oui,Buse à tête blanche,
907,Pseudastur albicollis,Buse blanche,oui,Buse blanche,
800,Buteogallus aequinoctialis,Buse buson,oui,Buse buson,
667,Buteo nitidus,Buse cendrée,oui,Buse cendrée,
593,Geranospiza caerulescens,Buse échasse,oui,Buse échasse,
820,Buteogallus meridionalis,Buse roussâtre,oui,Buse roussâtre,
637,Buteogallus urubitinga,Buse urubu,oui,Buse urubu,
969,Zebrilus undulatus,Butor zigzag,oui,Butor zigzag,
519,Capito niger,Cabézon tacheté,oui,Cabézon tacheté,
831,Graydidascalus brachyurus,Caïque à queue courte,oui,Caïque à queue courte,
558,Pyrilia caica,Caïque à tête noire,oui,Caïque à tête noire,
516,Pionites melanocephalus,Caïque maïpouri,oui,Caïque maïpouri,
896,Tangara mexicana,Calliste diable-enrhumé,oui,Calliste diable-enrhumé,
556,Stilpnia cayana,Calliste passevert,oui,Calliste passevert,
750,Tangara chilensis,Calliste septicolore,oui,Calliste septicolore,
661,Campylopterus largipennis,Campyloptère à ventre gris,oui,Campyloptère à ventre gris,
783,Ibycter americanus,Caracara à gorge rouge,oui,Caracara à gorge rouge,
960,Milvago chimachima,Caracara à tête jaune,oui,Caracara à tête jaune,
771,Periporphyrus erythromelas,Cardinal érythromèle,oui,Cardinal érythromèle,
959,Caryothraustes canadensis,Cardinal flavert,oui,Cardinal flavert,
583,Micrastur semitorquatus,Carnifex à collier,oui,Carnifex à collier,
701,Micrastur gilvicollis,Carnifex à gorge cendrée,oui,Carnifex à gorge cendrée,
839,Micrastur mirandollei,Carnifex ardoisé,oui,Carnifex ardoisé,
491,Micrastur ruficollis,Carnifex barré,oui,Carnifex barré,
961,Chrysomus icterocephalus,Carouge à capuchon,oui,Carouge à capuchon,
963,Cacicus cela,Cassique cul-jaune,oui,Cassique cul-jaune,
780,Cacicus haemorrhous,Cassique cul-rouge,oui,Cassique cul-rouge,
595,Psarocolius decumanus,Cassique huppé,oui,Cassique huppé,
648,Psarocolius viridis,Cassique vert,oui,Cassique vert,
877,Eurypyga helias,Caurale soleil,oui,Caurale soleil,
864,Actitis macularius,Chevalier grivelé,oui,Chevalier grivelé,
847,Tringa solitaria,Chevalier solitaire,oui,Chevalier solitaire,
475,Glaucidium hardyi,Chevêchette d'Amazonie,oui,Chevêchette d'Amazonie,
854,Pulsatrix perspicillata,Chouette à lunettes,oui,Chouette à lunettes,
557,Athene cunicularia,Chouette des terriers,oui,Chevêche des terriers,
502,Strix huhula,Chouette huhul,oui,Chouette huhul,
723,Strix virgata,Chouette mouchetée,oui,Chouette mouchetée,
537,Chlorestes notata,Colibri à menton bleu,oui,Colibri à menton bleu,
546,Colibri delphinae,Colibri de Delphine,oui,Colibri de Delphine,
927,Florisuga mellivora,Colibri jacobin,oui,Colibri jacobin,
792,Chrysolampis mosquitus,Colibri rubis-topaze,oui,Colibri rubis-topaze,
597,Topaza pella,Colibri topaze,oui,Colibri topaze,
653,Polytmus theresiae,Colibri tout-vert,oui,Colibri tout-vert,
665,Leptotila rufaxilla,Colombe à front gris,oui,Colombe à front gris,
588,Columbina passerina,Colombe à queue noire,oui,Colombe à queue noire,
935,Leptotila verreauxi,Colombe de Verreaux,oui,Colombe de Verreaux,
794,Columbina talpacoti,Colombe rousse,oui,Colombe rousse,
796,Geotrygon montana,Colombe rouviolette,oui,Colombe rouviolette,
494,Conirostrum bicolor,Conirostre bicolore,oui,Conirostre bicolore,
571,Conirostrum speciosum,Conirostre cul-roux,oui,Conirostre cul-roux,
567,Conopophaga aurita,Conopophage à oreilles blanches,oui,Conopophage à oreilles blanches,
550,Eupsittula pertinax,Conure cuivrée,oui,Conure cuivrée,
919,Psittacara leucophthalmus,Conure pavouane,oui,Conure pavouane,
742,Pyrrhura picta,Conure versicolore,oui,Conure versicolore,
670,Rupicola rupicola,Coq-de-roche orange,oui,Coq-de-roche orange,
895,Lophornis ornatus,Coquette huppe-col,oui,Coquette huppe-col,
559,Perissocephalus tricolor,Coracine chauve,oui,Coracine chauve,
769,Querula purpurata,Coracine noire,oui,Coracine noire,
785,Corythopis torquatus,Corythopis à collier,oui,Corythopis à collier,
673,Phoenicircus carnifex,Cotinga ouette,oui,Cotinga ouette,
767,Xipholena punicea,Cotinga pompadour,oui,Cotinga pompadour,
951,Coccyzus americanus,Coulicou à bec jaune,oui,Coulicou à bec jaune,
753,Coccyzus euleri,Coulicou d'Euler,oui,Coulicou d'Euler,
715,Coccyzus minor,Coulicou manioc,oui,Coulicou manioc,
688,Numenius hudsonicus,Courlis hudsonien,oui,Courlis hudsonien,
473,Cyanoloxia rothschildii,Cyanoloxia rothschildii,oui,Cyanoloxia rothschildii,
531,Dacnis cayana,Dacnis bleu,oui,Dacnis bleu,
505,Dendrocygna autumnalis,Dendrocygne à ventre noir,oui,Dendrocygne à ventre noir,
507,Donacobius atricapilla,Donacobe à miroir,oui,Donacobe à miroir,
619,Thalurania furcata,Dryade à queue fourchue,oui,Dryade à queue fourchue,
596,Lophostrix cristata,Duc à aigrettes,oui,Duc à aigrettes,
518,Himantopus mexicanus,Échasse d'Amérique,oui,Échasse d'Amérique,
477,Tyto furcata,Effraie d'Amérique,oui,Effraie d'Amérique,
956,Myiopagis flavivertex,Élénie à couronne d'or,oui,Élénie à couronne d'or,
949,Elaenia flavogaster,Élénie à ventre jaune,oui,Élénie à ventre jaune,
618,Myiopagis gaimardii,Élénie de Gaimard,oui,Élénie de Gaimard,
658,Myiopagis caniceps,Élénie grise,oui,Élénie grise,
762,Elaenia cristata,Élénie huppée,oui,Élénie huppée,
695,Elaenia chiriquensis,Élénie menue,oui,Élénie menue,
807,Elaenia ruficeps,Élénie tête-de-feu,oui,Élénie tête-de-feu,
540,Chlorostilbon mellisugus,Émeraude orvert,oui,Émeraude orvert,
830,Lurocalis semitorquatus,Engoulevent à queue courte,oui,Engoulevent à queue courte,
859,Hydropsalis maculicaudus,Engoulevent à queue étoilée,oui,Engoulevent à queue étoilée,
931,Hydropsalis cayennensis,Engoulevent coré,oui,Engoulevent coré,
489,Nyctiprogne leucopyga,Engoulevent leucopyge,oui,Engoulevent leucopyge,
697,Chordeiles acutipennis,Engoulevent minime,oui,Engoulevent minime,
529,Nyctipolus nigrescens,Engoulevent noirâtre,oui,Engoulevent noirâtre,
751,Nyctidromus albicollis,Engoulevent pauraqué,oui,Engoulevent pauraqué,
801,Antrostomus rufus,Engoulevent roux,oui,Engoulevent roux,
689,Hydropsalis climacocerca,Engoulevent trifide,oui,Engoulevent trifide,
642,Phaethornis malaris,Ermite à long bec,oui,Ermite à long bec,
709,Phaethornis superciliosus,Ermite à longue queue,oui,Ermite à longue queue,
868,Phaethornis bourcieri,Ermite de Bourcier,oui,Ermite de Bourcier,
803,Glaucis hirsutus,Ermite hirsute,oui,Ermite hirsute,
706,Phaethornis longuemareus,Ermite nain,oui,Ermite nain,
784,Phaethornis ruber,Ermite roussâtre,oui,Ermite roussâtre,
838,Buteogallus schistaceus,Faucon ardoisé,oui,Faucon ardoisé,
492,Falco rufigularis,Faucon des chauves-souris,oui,Faucon des chauves-souris,
813,Gymnopithys rufigula,Fourmilier à gorge rousse,oui,Fourmilier à gorge rousse,
929,Pithys albifrons,Fourmilier manikup,oui,Fourmilier manikup,
856,Hylophylax naevius,Fourmilier tacheté,oui,Fourmilier tacheté,
590,Willisornis poecilinotus,Fourmilier zébré,oui,Willisornis poecilinotus,
587,Gallinula galeata,Gallinule d'Amérique,oui,Gallinule d'Amérique,
561,Cyanocorax cayanus,Geai de Cayenne,oui,Geai de Cayenne,
752,Dromococcyx pavoninus,Géocoucou pavonin,oui,Géocoucou pavonin,
872,Tapera naevia,Géocoucou tacheté,oui,Géocoucou tacheté,
671,Polioptila guianensis,Gobemoucheron guyanais,oui,Gobemoucheron guyanais,
890,Polioptila plumbea,Gobemoucheron tropical,oui,Gobemoucheron tropical,
883,Myrmothera campanisona,Grallaire grand-beffroi,oui,Grallaire grand-beffroi,
898,Grallaria varia,Grallaire roi,oui,Grallaire roi,
862,Hylopezus macularius,Grallaire tachetée,oui,Grallaire tachetée,
790,Granatellus pelzelni,Granatelle de Pelzeln,oui,Granatelle de Pelzeln,
636,Taraba major,Grand Batara,oui,Grand Batara,
644,Tringa melanoleuca,Grand Chevalier,oui,Grand Chevalier,
640,Nyctibius grandis,Grand Ibijau,oui,Grand Ibijau,
638,Jacamerops aureus,Grand Jacamar,oui,Grand Jacamar,
904,Emberizoides herbicola,Grand Tardivole,oui,Grand Tardivole,
641,Tinamus major,Grand Tinamou,oui,Grand Tinamou,
878,Heliornis fulica,Grébifoulque d'Amérique,oui,Grébifoulque d'Amérique,
600,Campylorhamphus procurvoides,Grimpar à bec courbe,oui,Grimpar à bec courbe,
581,Dendrexetastes rufigula,Grimpar à collier,oui,Grimpar à collier,
860,Certhiasomus stictolaemus,Grimpar à gorge tachetée,oui,Grimpar à gorge tachetée,
712,Deconychura longicauda,Grimpar à longue queue,oui,Grimpar à longue queue,
916,Dendrocincla merula,Grimpar à menton blanc,oui,Grimpar à menton blanc,
472,Dendrocolaptes certhia,Grimpar barré,oui,Grimpar barré,
903,Glyphorynchus spirurus,Grimpar bec-en-coin,oui,Grimpar bec-en-coin,
775,Hylexetastes perrotii,Grimpar de Perrot,oui,Grimpar de Perrot,
555,Xiphorhynchus guttatus,Grimpar des cabosses,oui,Grimpar des cabosses,
761,Dendrocincla fuliginosa,Grimpar enfumé,oui,Grimpar enfumé,
570,Xiphorhynchus pardalotus,Grimpar flambé,oui,Grimpar flambé,
680,Lepidocolaptes albolineatus,Grimpar lancéolé,oui,Grimpar lancéolé,
874,Xiphorhynchus obsoletus,Grimpar strié,oui,Grimpar strié,
869,Dendroplex picus,Grimpar talapiot,oui,Grimpar talapiot,
503,Dendrocolaptes picumnus,Grimpar varié,oui,Grimpar varié,
656,Cercomacra cinerascens,Grisin ardoisé,oui,Grisin ardoisé,
852,Formicivora grisea,Grisin de Cayenne,oui,Grisin de Cayenne,
886,Herpsilochmus stictocephalus,Grisin de Todd,oui,Grisin de Todd,
601,Microrhopias quixensis,Grisin étoilé,oui,Grisin étoilé,
858,Herpsilochmus sticturus,Grisin givré,oui,Grisin givré,
528,Cercomacroides nigrescens,Grisin noirâtre,oui,Grisin noirâtre,
604,Cercomacroides tyrannina,Grisin sombre,oui,Grisin sombre,
483,Euchrepomis spodioptila,Grisin spodioptile,oui,Grisin spodioptile,
768,Cyanerpes caeruleus,Guit-guit céruléen,oui,Guit-guit céruléen,
778,Cyanerpes cyaneus,Guit-guit saï,oui,Guit-guit saï,
603,Harpagus bidentatus,Harpage bidenté,oui,Harpage bidenté,
682,Harpia harpyja,Harpie féroce,oui,Harpie féroce,
871,Butorides striata,Héron strié,oui,Héron strié,
873,Asio clamator,Hibou strié,oui,Hibou strié,
939,Tachycineta albiventer,Hirondelle à ailes blanches,oui,Hirondelle à ailes blanches,
908,Atticora fasciata,Hirondelle à ceinture blanche,oui,Hirondelle à ceinture blanche,
660,Progne chalybea,Hirondelle chalybée,oui,Hirondelle chalybée,
548,Progne tapera,Hirondelle tapère,oui,Hirondelle tapère,
684,Opisthocomus hoazin,Hoazin,oui,Hoazin huppé,
495,Crax alector,Hocco alector,oui,Hocco alector,
938,Nyctibius leucopterus,Ibijau à ailes blanches,oui,Ibijau à ailes blanches,
710,Nyctibius aethereus,Ibijau à longue queue,oui,Ibijau à longue queue,
589,Nyctibius griseus,Ibijau gris,oui,Ibijau gris,
647,Mesembrinibis cayennensis,Ibis vert,oui,Ibis vert,
607,Iodopleura fusca,Iodopleure brun,oui,Iodopleure brun,
952,Galbula albirostris,Jacamar à bec jaune,oui,Jacamar à bec jaune,
749,Galbula dea,Jacamar à longue queue,oui,Jacamar à longue queue,
545,Galbula leucogastra,Jacamar à ventre blanc,oui,Jacamar à ventre blanc,
654,Galbula galbula,Jacamar vert,oui,Jacamar vert,
901,Jacana jacana,Jacana noir,oui,Jacana noir,
535,Volatinia jacarina,Jacarini noir,oui,Jacarini noir,
691,Herpetotheres cachinnans,Macagua rieur,oui,Macagua rieur,
922,Lepidothrix serena,Manakin à front blanc,oui,Manakin à front blanc,
932,Corapipo gutturalis,Manakin à gorge blanche,oui,Manakin à gorge blanche,
918,Pseudopipra pipra,Manakin à tête blanche,oui,Manakin à tête blanche,
630,Ceratopipra erythrocephala,Manakin à tête d'or,oui,Manakin à tête d'or,
599,Pipra aureola,Manakin auréole,oui,Manakin auréole,
578,Neopipo cinnamomea,Manakin cannelle,oui,Manakin cannelle,
910,Manacus manacus,Manakin casse-noisette,oui,Manakin casse-noisette,
884,Tyranneutes virescens,Manakin minuscule,oui,Manakin minuscule,
533,Chiroxiphia pareola,Manakin tijé,oui,Manakin tijé,
525,Anthracothorax nigricollis,Mango à cravate noire,oui,Mango à cravate noire,
655,Anthracothorax viridigula,Mango à cravate verte,oui,Mango à cravate verte,
954,Laterallus flaviventer,Marouette à sourcils blancs,oui,Marouette à sourcils blancs,
482,Mustelirallus albicollis,Marouette plombée,oui,Marouette plombée,
786,Megaceryle torquata,Martin-pêcheur à ventre roux,oui,Martin-pêcheur à ventre roux,
649,Chloroceryle inda,Martin-pêcheur bicolore,oui,Martin-pêcheur bicolore,
470,Chloroceryle amazona,Martin-pêcheur d'Amazonie,oui,Martin-pêcheur d'Amazonie,
478,Chloroceryle aenea,Martin-pêcheur nain,oui,Martin-pêcheur nain,
727,Tachornis squamata,Martinet claudia,oui,Martinet claudia,
698,Panyptila cayennensis,Martinet de Cayenne,oui,Martinet de Cayenne,
563,Chaetura chapmani,Martinet de Chapman,oui,Martinet de Chapman,
834,Chaetura meridionalis,Martinet de Sick,oui,Martinet de Sick,
936,Aeronautes montivagus,Martinet montagnard,oui,Martinet montagnard,
833,Chaetura brachyura,Martinet polioure,oui,Martinet polioure,
487,Chaetura spinicaudus,Martinet spinicaude,oui,Martinet spinicaude,
928,Turdus albicollis,Merle à col blanc,oui,Merle à col blanc,
855,Turdus nudigenis,Merle à lunettes,oui,Merle à lunettes,
582,Turdus fumigatus,Merle cacao,oui,Merle cacao,
745,Turdus leucomelas,Merle leucomèle,oui,Merle leucomèle,
584,Microbates collaris,Microbate à collier,oui,Microbate à collier,
889,Ramphocaenus melanurus,Microbate à long bec,oui,Microbate à long bec,
832,Myiornis ecaudatus,Microtyran à queue courte,oui,Microtyran à queue courte,
602,Lophotriccus vitiosus,Microtyran bifascié,oui,Microtyran bifascié,
683,Lophotriccus galeatus,Microtyran casqué,oui,Microtyran casqué,
841,Helicolestes hamatus,Milan à long bec,oui,Milan à long bec,
764,Ictinia plumbea,Milan bleuâtre,oui,Milan bleuâtre,
845,Rostrhamus sociabilis,Milan des marais,oui,Milan des marais,
892,Mimus gilvus,Moqueur des savanes,oui,Moqueur des savanes,
474,Momotus momota,Motmot houtouc,oui,Motmot houtouc,
711,Colonia colonus,Moucherolle à longs brins,oui,Moucherolle à longs brins,
923,Arundinicola leucocephala,Moucherolle à tête blanche,oui,Moucherolle à tête blanche,
905,Myiobius barbatus,Moucherolle barbichon,oui,Moucherolle barbichon,
613,Lathrotriccus euleri,Moucherolle d'Euler,oui,Moucherolle d'Euler,
543,Myiophobus fasciatus,Moucherolle fascié,oui,Moucherolle fascié,
622,Cnemotriccus fuscatus,Moucherolle fuligineux,oui,Moucherolle fuligineux,
756,Fluvicola pica,Moucherolle pie,oui,Moucherolle pie,
798,Terenotriccus erythrurus,Moucherolle rougequeue,oui,Moucherolle rougequeue,
692,Leucophaeus atricilla,Mouette atricille,oui,Mouette atricille,
921,Myrmotherula axillaris,Myrmidon à flancs blancs,oui,Myrmidon à flancs blancs,
547,Epinecrophylla gutturalis,Myrmidon à ventre brun,oui,Myrmidon à ventre brun,
675,Myrmotherula surinamensis,Myrmidon du Suriname,oui,Myrmidon du Suriname,
657,Myrmotherula menetriesii,Myrmidon gris,oui,Myrmidon gris,
713,Myrmotherula longipennis,Myrmidon longipenne,oui,Myrmidon longipenne,
802,Isleria guttata,Myrmidon moucheté,non,HTTP 404,
770,Myrmotherula brachyura,Myrmidon pygmée,oui,Myrmidon pygmée,
879,Elanoides forficatus,Naucler à queue fourchue,oui,Naucler à queue fourchue,
799,Tigrisoma lineatum,Onoré rayé,oui,Onoré rayé,
925,Euphonia chrysopasta,Organiste fardé,oui,Organiste fardé,
632,Euphonia cayennensis,Organiste nègre,oui,Organiste nègre,
900,Euphonia violacea,Organiste téité,oui,Organiste téité,
612,Icterus cayanensis,Oriole à épaulettes,oui,Oriole à épaulettes,
947,Icterus nigrogularis,Oriole jaune,oui,Oriole jaune,
704,Ortalis motmot,Ortalide motmot,oui,Ortalide motmot,
826,Oxyruncus cristatus,Oxyrhynque huppé,oui,Oxyrhynque huppé,
942,Myrmornis torquata,Palicour de Cayenne,oui,Palicour de Cayenne,
777,Deroptyus accipitrinus,Papegeai maillé,oui,Papegeai maillé,
965,Setophaga dominica,Paruline à gorge jaune,oui,Paruline à gorge jaune,
893,Setophaga pitiayumi,Paruline à joues noires,oui,Paruline à joues noires,
717,Setophaga petechia,Paruline des mangroves,oui,Paruline des mangroves,
788,Myiothlypis rivularis,Paruline des rives,oui,Paruline des rives,
730,Parkesia noveboracensis,Paruline des ruisseaux,oui,Paruline des ruisseaux,
479,Setophaga ruticilla,Paruline flamboyante,oui,Paruline flamboyante,
720,Geothlypis aequinoctialis,Paruline masquée,oui,Paruline masquée,
718,Penelope marail,Pénélope marail,oui,Pénélope marail,
539,Pionus menstruus,Perroquet à tête bleue,oui,Pione à tête bleue,
693,Ixobrychus exilis,Petit Blongios,oui,Petit Blongios,
705,Coccycua minuta,Petit Piaye,oui,Petit Piaye,
707,Crypturellus soui,Petit Tinamou,oui,Petit Tinamou,
894,Megascops choliba,Petit-duc choliba,oui,Petit-duc choliba,
881,Megascops watsonii,Petit-duc de Watson,oui,Petit-duc de Watson,
617,Megascops roraimae,Petit-duc du Roraima,oui,Megascops roraimae,
823,Lipaugus vociferans,Piauhau hurleur,oui,Piauhau hurleur,
504,Piaya melanogaster,Piaye à ventre noir,oui,Piaye à ventre noir,
867,Piaya cayana,Piaye écureuil,oui,Piaye écureuil,
967,Melanerpes cruentatus,Pic à chevron d'or,oui,Pic à chevron d'or,
779,Campephilus rubricollis,Pic à cou rouge,oui,Pic à cou rouge,
787,Celeus torquatus,Pic à cravate noire,oui,Pic à cravate noire,
594,Celeus flavus,Pic à dos crème,oui,Pic à dos crème,
966,Piculus flavigula,Pic à gorge jaune,oui,Pic à gorge jaune,
857,Colaptes punctigula,Pic à poitrine tachetée,oui,Pic à poitrine tachetée,
627,Veniliornis cassini,Pic de Cassin,oui,Pic de Cassin,
598,Campephilus melanoleucos,Pic de Malherbe,oui,Pic de Malherbe,
564,Celeus elegans,Pic mordoré,oui,Pic mordoré,
902,Celeus undatus,Pic ondé,oui,Pic ondé,
631,Colaptes rubiginosus,Pic or-olive,oui,Pic or-olive,
700,Dryocopus lineatus,Pic ouentou,oui,Pic ouentou,
708,Veniliornis passerinus,Pic passerin,oui,Pic passerin,
629,Piculus chrysochloros,Pic vert-doré,oui,Pic vert-doré,
633,Picumnus exilis,Picumne de Buffon,oui,Picumne de Buffon,
481,Picumnus minutissimus,Picumne de Cayenne,oui,Picumne de Cayenne,
909,Picumnus cirratus,Picumne frangé,oui,Picumne frangé,
755,Notharchus tectus,Piéride du chou,oui,Piéride du chou,
765,Patagioenas plumbea,Pigeon plombé,oui,Pigeon plombé,
821,Patagioenas speciosa,Pigeon ramiret,oui,Pigeon ramiret,
747,Patagioenas cayennensis,Pigeon rousset,oui,Pigeon rousset,
795,Patagioenas subvinacea,Pigeon vineux,oui,Pigeon vineux,
606,Pionus fuscus,Pione violette,oui,Pione violette,
933,Contopus albogularis,Pioui à gorge blanche,oui,Moucherolle à bavette blanche,
968,Anthus lutescens,Pipit jaunâtre,oui,Pipit jaunâtre,
944,Piprites chloris,Piprite verdin,oui,Piprite verdin,
825,Leptopogon amaurocephalus,Pipromorphe à tête brune,oui,Pipromorphe à tête brune,
721,Mionectes macconnelli,Pipromorphe de McConnell,oui,Pipromorphe de McConnell,
732,Mionectes oleagineus,Pipromorphe roussâtre,oui,Pipromorphe roussâtre,
917,Platyrinchus platyrhynchos,Platyrhynque à cimier blanc,oui,Platyrhynque à cimier blanc,
579,Platyrinchus saturatus,Platyrhynque à cimier orange,oui,Platyrhynque à cimier orange,
970,Tolmomyias assimilis,Platyrhynque à miroir,oui,Platyrhynque à miroir,
733,Tolmomyias flaviventris,Platyrhynque à poitrine jaune,oui,Platyrhynque à poitrine jaune,
811,Ramphotrigon ruficauda,Platyrhynque à queue rousse,oui,Platyrhynque à queue rousse,
628,Platyrinchus coronatus,Platyrhynque à tête d'or,oui,Platyrhynque à tête d'or,
962,Tolmomyias sulphurescens,Platyrhynque jaune-olive,oui,Platyrhynque jaune-olive,
734,Rhynchocyclus olivaceus,Platyrhynque olivâtre,oui,Platyrhynque olivâtre,
664,Tolmomyias poliocephalus,Platyrhynque poliocéphale,oui,Platyrhynque poliocéphale,
940,Charadrius wilsonia,Pluvier de Wilson,oui,Pluvier de Wilson,
824,Charadrius semipalmatus,Pluvier semipalmé,oui,Pluvier semipalmé,
476,Onychorhynchus coronatus,Porte-éventail roi,oui,Porte-éventail roi,
560,Quiscalus lugubris,Quiscale merle,oui,Quiscale merle,
741,Neocrex erythrops,Râle à bec peint,oui,Râle à bec peint,
808,Aramides axillaris,Râle à cou roux,oui,Râle à cou roux,
659,Laterallus exilis,Râle à poitrine grise,oui,Râle à poitrine grise,
810,Laterallus melanophaius,Râle brunoir,oui,Râle brunoir,
897,Amaurolimnas concolor,Râle concolore,oui,Râle concolore,
663,Aramides cajaneus,Râle de Cayenne,oui,Râle de Cayenne,
716,Rallus longirostris,Râle gris,oui,Râle gris,
815,Rufirallus viridis,Râle kiolo,oui,Râle kiolo,
498,Laterallus jamaicensis,Râle noir,oui,Râle noir,
731,Micropygia schomburgkii,Râle ocellé,oui,Râle ocellé,
837,Saltator grossus,Saltator ardoisé,oui,Saltator ardoisé,
735,Saltator olivascens,Saltator de Cabanis,oui,Saltator de Cabanis,
554,Saltator maximus,Saltator grands-bois,oui,Saltator grands-bois,
814,Hylocharis sapphirina,Saphir à gorge rousse,oui,Saphir à gorge rousse,
915,Chlorestes cyanus,Saphir azuré,oui,Saphir azuré,
828,Sclerurus rufigularis,Sclérure à bec court,oui,Sclérure à bec court,
520,Sclerurus caudacutus,Sclérure des ombres,oui,Sclérure des ombres,
605,Sclerurus obscurior,Sclérure obscur,oui,Sclérure obscur,
812,Microxenops milleri,Sittine à queue rousse,oui,Sittine à queue rousse,
759,Xenops minutus,Sittine brune,oui,Sittine brune,
842,Xenops tenuirostris,Sittine des rameaux,oui,Sittine des rameaux,
840,Vireolanius leucotis,Smaragdan oreillard,oui,Smaragdan oreillard,
804,Cyclarhis gujanensis,Sourciroux mélodieux,oui,Sourciroux mélodieux,
945,Sporophila americana,Sporophile à ailes blanches,oui,Sporophile à ailes blanches,
566,Sporophila castaneiventris,Sporophile à ventre châtain,oui,Sporophile à ventre châtain,
950,Sporophila nigricollis,Sporophile à ventre jaune,oui,Sporophile à ventre jaune,
702,Sporophila lineola,Sporophile bouveron,oui,Sporophile bouveron,
565,Sporophila angolensis,Sporophile curio,oui,Sporophile curio,
766,Sporophila plumbea,Sporophile gris-de-plomb,oui,Sporophile gris-de-plomb,
797,Sporophila minuta,Sporophile petit-louis,oui,Sporophile petit-louis,
690,Phaetusa simplex,Sterne à gros bec,oui,Sterne à gros bec,
953,Sternula superciliaris,Sterne argentée,oui,Sterne argentée,
791,Thalasseus maximus,Sterne royale,oui,Sterne royale,
611,Sturnella magna,Sturnelle des prés,oui,Sturnelle des prés,
776,Leistes militaris,Sturnelle militaire,oui,Sturnelle militaire,
486,Coereba flaveola,Sucrier à ventre jaune,oui,Sucrier à ventre jaune,
955,Certhiaxis cinnamomeus,Synallaxe à gorge jaune,oui,Synallaxe à gorge jaune,
911,Mazaria propinqua,Synallaxe à ventre blanc,oui,Synallaxe à ventre blanc,
744,Synallaxis albescens,Synallaxe albane,oui,Synallaxe albane,
763,Synallaxis gujanensis,Synallaxe de Cayenne,oui,Synallaxe de Cayenne,
722,Synallaxis macconnelli,Synallaxe de McConnell,oui,Synallaxe de McConnell,
853,Cranioleuca gutturata,Synallaxe ponctué,oui,Synallaxe ponctué,
485,Porphyrio flavirostris,Talève favorite,oui,Talève favorite,
585,Bucco capensis,Tamatia à collier,oui,Tamatia à collier,
672,Notharchus macrorhynchos,Tamatia à gros bec,oui,Tamatia à gros bec,
863,Bucco tamatia,Tamatia tacheté,oui,Tamatia tacheté,
835,Ramphocelus carbo,Tangara à bec d'argent,oui,Tangara à bec d'argent,
685,Nemosia pileata,Tangara à capuchon,oui,Piranga à capuchon,
621,Tachyphonus surinamus,Tangara à crête fauve,oui,Tangara à crête fauve,
616,Loriotus cristatus,Tangara à crête rouge,oui,Habia à crête rouge,
738,Tangara velia,Tangara à croupion opale,oui,Calliste à sourcils clairs,
782,Tachyphonus phoenicius,Tangara à épaules rouges,oui,Tangara à galons rouges,
514,Schistochlamys melanopis,Tangara à face noire,oui,Tangara à camail,
924,Tachyphonus rufus,Tangara à galons blancs,oui,Tangara à galons blancs,
534,Cyanicterus cyanicterus,Tangara cyanictère,oui,Tangara cyanictère,
748,Thraupis palmarum,Tangara des palmiers,oui,Tangara des palmiers,
646,Chlorophanes spiza,Tangara émeraude,oui,Tangara émeraude,
538,Thraupis episcopus,Tangara évêque,oui,Tangara évêque,
681,Hemithraupis guira,Tangara guira,oui,Tangara guira,
620,Lanio fulvus,Tangara mordoré,oui,Tangara mordoré,
774,Lamprospiza melanoleuca,Tangara noir et blanc,oui,Tangara noir et blanc,
865,Ixothraupis punctata,Tangara tacheté,oui,Calliste syacou,
876,Piranga rubra,Tangara vermillon,oui,Piranga vermillon,
946,Mycteria americana,Tantale d'Amérique,oui,Tantale d'Amérique,
805,Formicarius colma,Tétéma colma,oui,Tétéma colma,
512,Formicarius analis,Tétéma coq-de-bois,oui,Tétéma coq-de-bois,
576,Crypturellus cinereus,Tinamou cendré,oui,Tinamou cendré,
816,Crypturellus brevirostris,Tinamou rubigineux,oui,Tinamou rubigineux,
899,Crypturellus variegatus,Tinamou varié,oui,Tinamou varié,
511,Tityra inquisitor,Tityre à tête noire,oui,Tityre à tête noire,
521,Tityra cayana,Tityre gris,oui,Tityre gris,
719,Odontophorus gujanensis,Tocro de Guyane,oui,Tocro de Guyane,
843,Poecilotriccus fumifrons,Todirostre à front gris,oui,Todirostre à front gris,
542,Hemitriccus josephinae,Todirostre de Joséphine,oui,Todirostre de Joséphine,
591,Todirostrum cinereum,Todirostre familier,oui,Todirostre familier,
743,Todirostrum pictum,Todirostre peint,oui,Todirostre peint,
866,Todirostrum maculatum,Todirostre tacheté,oui,Todirostre tacheté,
920,Hemitriccus zosterops,Todirostre zostérops,oui,Todirostre zostérops,
754,Arremon taciturnus,Tohi silencieux,oui,Tohi silencieux,
934,Ramphastos tucanus,Toucan à bec rouge,oui,Toucan à bec rouge,
562,Ramphastos vitellinus,Toucan ariel,oui,Toucan ariel,
885,Ramphastos toco,Toucan toco,oui,Toucan toco,
676,Selenidera piperivora,Toucanet koulik,oui,Toucanet koulik,
819,Touit purpuratus,Toui à queue pourprée,oui,Toui à queue pourprée,
699,Touit batavicus,Toui à sept couleurs,oui,Toui à sept couleurs,
652,Forpus passerinus,Toui été,oui,Toui été,
634,Brotogeris chrysoptera,Toui para,oui,Toui para,
551,Cantorchilus leucotis,Troglodyte à face pâle,oui,Troglodyte à face pâle,
912,Henicorhina leucosticta,Troglodyte à poitrine blanche,oui,Troglodyte à poitrine blanche,
726,Cyphorhinus arada,Troglodyte arada,oui,Troglodyte arada,
943,Microcerculus bambla,Troglodyte bambla,oui,Troglodyte bambla,
592,Pheugopedius coraya,Troglodyte coraya,oui,Troglodyte coraya,
687,Troglodytes aedon,Troglodyte mignon,oui,Troglodyte mignon,
651,Trogon viridis,Trogon à queue blanche,oui,Trogon à queue blanche,
522,Trogon melanurus,Trogon à queue noire,oui,Trogon à queue noire,
526,Trogon rufus,Trogon aurore,oui,Trogon aurore,
586,Trogon collaris,Trogon rosalba,oui,Trogon rosalba,
677,Trogon violaceus,Trogon violacé,oui,Trogon violacé,
609,Myiozetetes luteiventris,Tyran à gorge rayée,oui,Tyran à gorge rayée,
870,Myiodynastes maculatus,Tyran audacieux,oui,Tyran audacieux,
818,Myiozetetes cayanensis,Tyran de Cayenne,oui,Tyran de Cayenne,
964,Conopias parvus,Tyran de Pelzeln,oui,Tyran de Pelzeln,
887,Sirystes subcanescens,Tyran de Todd,oui,Tyran de Todd,
549,Myiarchus tyrannulus,Tyran de Wied,oui,Tyran de Wied,
875,Tyrannopsis sulphurea,Tyran des palmiers,oui,Tyran des palmiers,
829,Myiarchus ferox,Tyran féroce,oui,Tyran féroce,
696,Philohydor lictor,Tyran licteur,oui,Tyran licteur,
891,Tyrannus melancholicus,Tyran mélancolique,oui,Tyran mélancolique,
608,Myiarchus tuberculifer,Tyran olivâtre,oui,Tyran olivâtre,
758,Legatus leucophaius,Tyran pirate,oui,Tyran pirate,
541,Megarynchus pitangua,Tyran pitangua,oui,Tyran pitangua,
639,Pitangus sulphuratus,Tyran quiquivi,oui,Tyran quiquivi,
846,Myiozetetes similis,Tyran sociable,oui,Tyran sociable,
493,Polystictus pectoralis,Tyranneau barbu,oui,Tyranneau barbu,
728,Sublegatus arenarum,Tyranneau des palétuviers,oui,Tyranneau des palétuviers,
948,Capsiempis flaveola,Tyranneau flavéole,oui,Tyranneau flavéole,
746,Inezia caudata,Tyranneau frangé,oui,Tyranneau frangé,
926,Ornithion inerme,Tyranneau minute,oui,Tyranneau minute,
848,Phyllomyias griseiceps,Tyranneau nain,oui,Tyranneau nain,
850,Camptostoma obsoletum,Tyranneau passegris,oui,Tyranneau passegris,
958,Tyrannulus elatus,Tyranneau roitelet,oui,Tyranneau roitelet,
725,Phaeomyias murina,Tyranneau souris,oui,Tyranneau souris,
737,Phylloscartes virescens,Tyranneau verdâtre,oui,Tyranneau verdâtre,
678,Zimmerius acer,Tyranneau vif,oui,Tyranneau vif,
623,Molothrus oryzivorus,Vacher géant,oui,Vacher géant,
827,Molothrus bonariensis,Vacher luisant,oui,Vacher luisant,
500,Coragyps atratus,Vautour noir,oui,Urubu noir,
527,Vireo altiloquus,Viréo à moustaches,oui,Viréo à moustaches,
572,Vireo chivi,Viréo chivi,oui,Viréo chivi,
882,Tunchiornis ochraceiceps,Viréon à calotte rousse,oui,Viréon à calotte rousse,
662,Hylophilus semicinereus,Viréon à gorge grise,oui,Viréon à gorge grise,
694,Hylophilus thoracicus,Viréon à plastron,oui,Viréon à plastron,
484,Hylophilus pectoralis,Viréon à tête cendrée,oui,Viréon à tête cendrée,
552,Pachysylvia muscicapina,Viréon fardé,oui,Viréon fardé,
